{
  "coefficients": [
    0.00809074,
    -0.48762522,
    -0.32001575,
    1.38261589,
    0.70219961
  ],
  "intercept": 1.4693047691116505,
  "scaling_parameters": {
    "mean": [
      1.53400000e+00,
      1.15753000e+02,
      3.87400000e+00,
      1.07603309e+02,
      8.60256166e-02
    ],
    "std": [
      1.15101868e+00,
      6.63576521e+01,
      3.67098406e+00,
      7.40502563e+01,
      4.81418026e-02
    ]
  }
}