{
    "coefficients": [
        -0.33773053556062615,
        0.8813247003534772,
        0.89915631065692
    ],
    "intercept": 1.4658038097897481,
    "scaling_parameters": {
        "mean": [
            3.874,
            107.60330897065683,
            0.08602561660679237
        ],
        "std": [
            3.6709840642530716,
            74.05025632283183,
            0.048141802552638786
        ]
    }
}